author_name,novel_name,novel_link,first_page,last_page
金刚圈,恶性依赖,https://www.52shuku.vip/xiandaidushi/h1wf_2.html,2,157
金刚圈,单向通行,https://www.52shuku.vip/xiandaidushi/b/h6RS_2.html,2,134
金刚圈,攻略对象出了错,https://www.52shuku.vip/xiandaidushi/hzDB_2.html,2,131
金刚圈,蒙蔽,https://www.52shuku.vip/xiandaidushi/hyyo_2.html,2,109
金刚圈,宝贝你是谁,https://www.52shuku.vip/xiandaidushi/160_2.html,2,186
卡比丘,家长指引,https://www.52shuku.vip/xiandaidushi/19792_2.html,2,21
卡比丘,好运时间,https://www.52shuku.vip/xiandaidushi/h1fh_2.html,2,67
卡比丘,日落大道,https://www.52shuku.vip/xiandaidushi/hviU_2.html,2,87
卡比丘,纯真丑闻,https://www.52shuku.vip/xiandaidushi/hzjx_2.html,2,119
卡比丘,社交温度,https://www.52shuku.vip/xiandaidushi/26131_2.html,2,33
九月买的饼干,天资愚钝,https://www.52shuku.vip/xiandaidushi/hpAj_2.html,2,105
回南雀,秉性下等,https://www.52shuku.vip/xiandaidushi/pm/h40n_2.html,2,183
回南雀,飞鸥不下,https://www.52shuku.vip/xiandaidushi/hyWK_2.html,2,175
淮上,破云,https://www.52shuku.vip/xiandaidushi/hpSk_2.html,2,339
淮上,吞海,https://www.52shuku.vip/xiandaidushi/hyWa_2.html,2,477
